signature,file,startline,startcol,endline,endcol,properties
Landroid/net/wifi/IWifiManager;->getWifiApEnabledState()I,packages/modules/Wifi/framework/java/android/net/wifi/IWifiManager.aidl,227,1,227,25,
Landroid/net/wifi/IWifiManager;->getWifiApConfiguration()Landroid/net/wifi/WifiConfiguration;,packages/modules/Wifi/framework/java/android/net/wifi/IWifiManager.aidl,230,1,230,25,
Landroid/net/wifi/IWifiManager;->getCurrentNetwork()Landroid/net/Network;,packages/modules/Wifi/framework/java/android/net/wifi/IWifiManager.aidl,255,1,255,69,maxTargetSdk=30&trackingBug=170729553L
Landroid/net/wifi/ScanResult$InformationElement;->EID_SSID:I,packages/modules/Wifi/framework/java/android/net/wifi/ScanResult.java,1110,9,1110,92,maxTargetSdk=30&trackingBug=170729553L
Landroid/net/wifi/ScanResult$InformationElement;->EID_SUPPORTED_RATES:I,packages/modules/Wifi/framework/java/android/net/wifi/ScanResult.java,1113,9,1113,92,maxTargetSdk=30&trackingBug=170729553L
Landroid/net/wifi/ScanResult$InformationElement;->EID_TIM:I,packages/modules/Wifi/framework/java/android/net/wifi/ScanResult.java,1116,9,1116,92,maxTargetSdk=30&trackingBug=170729553L
Landroid/net/wifi/ScanResult$InformationElement;->EID_BSS_LOAD:I,packages/modules/Wifi/framework/java/android/net/wifi/ScanResult.java,1121,9,1121,92,maxTargetSdk=30&trackingBug=170729553L
Landroid/net/wifi/ScanResult$InformationElement;->EID_ERP:I,packages/modules/Wifi/framework/java/android/net/wifi/ScanResult.java,1124,9,1124,92,maxTargetSdk=30&trackingBug=170729553L
Landroid/net/wifi/ScanResult$InformationElement;->EID_RSN:I,packages/modules/Wifi/framework/java/android/net/wifi/ScanResult.java,1129,9,1129,92,maxTargetSdk=30&trackingBug=170729553L
Landroid/net/wifi/ScanResult$InformationElement;->EID_EXTENDED_SUPPORTED_RATES:I,packages/modules/Wifi/framework/java/android/net/wifi/ScanResult.java,1132,9,1132,92,maxTargetSdk=30&trackingBug=170729553L
Landroid/net/wifi/ScanResult$InformationElement;->EID_HT_OPERATION:I,packages/modules/Wifi/framework/java/android/net/wifi/ScanResult.java,1135,9,1135,92,maxTargetSdk=30&trackingBug=170729553L
Landroid/net/wifi/ScanResult$InformationElement;->EID_INTERWORKING:I,packages/modules/Wifi/framework/java/android/net/wifi/ScanResult.java,1138,9,1138,92,maxTargetSdk=30&trackingBug=170729553L
Landroid/net/wifi/ScanResult$InformationElement;->EID_ROAMING_CONSORTIUM:I,packages/modules/Wifi/framework/java/android/net/wifi/ScanResult.java,1141,9,1141,92,maxTargetSdk=30&trackingBug=170729553L
Landroid/net/wifi/ScanResult$InformationElement;->EID_EXTENDED_CAPS:I,packages/modules/Wifi/framework/java/android/net/wifi/ScanResult.java,1144,9,1144,92,maxTargetSdk=30&trackingBug=170729553L
Landroid/net/wifi/ScanResult$InformationElement;->EID_VHT_OPERATION:I,packages/modules/Wifi/framework/java/android/net/wifi/ScanResult.java,1149,9,1149,92,maxTargetSdk=30&trackingBug=170729553L
Landroid/net/wifi/ScanResult$InformationElement;->EID_VSA:I,packages/modules/Wifi/framework/java/android/net/wifi/ScanResult.java,1154,9,1154,92,maxTargetSdk=30&trackingBug=170729553L
Landroid/net/wifi/ScanResult$InformationElement;->id:I,packages/modules/Wifi/framework/java/android/net/wifi/ScanResult.java,1184,9,1184,29,
Landroid/net/wifi/ScanResult$InformationElement;->bytes:[B,packages/modules/Wifi/framework/java/android/net/wifi/ScanResult.java,1190,9,1190,29,
Landroid/net/wifi/ScanResult;->wifiSsid:Landroid/net/wifi/WifiSsid;,packages/modules/Wifi/framework/java/android/net/wifi/ScanResult.java,66,5,66,72,publicAlternatives=%22%7B%40link+%23getWifiSsid%28%29%7D%22
Landroid/net/wifi/ScanResult;->hessid:J,packages/modules/Wifi/framework/java/android/net/wifi/ScanResult.java,178,5,178,25,
Landroid/net/wifi/ScanResult;->anqpDomainId:I,packages/modules/Wifi/framework/java/android/net/wifi/ScanResult.java,185,5,185,25,
Landroid/net/wifi/ScanResult;->is80211McRTTResponder:Z,packages/modules/Wifi/framework/java/android/net/wifi/ScanResult.java,607,5,607,88,maxTargetSdk=30&trackingBug=170729553L
Landroid/net/wifi/ScanResult;->seen:J,packages/modules/Wifi/framework/java/android/net/wifi/ScanResult.java,620,5,620,25,
Landroid/net/wifi/ScanResult;->numUsage:I,packages/modules/Wifi/framework/java/android/net/wifi/ScanResult.java,679,5,679,25,
Landroid/net/wifi/ScanResult;->distanceCm:I,packages/modules/Wifi/framework/java/android/net/wifi/ScanResult.java,687,5,687,25,
Landroid/net/wifi/ScanResult;->distanceSdCm:I,packages/modules/Wifi/framework/java/android/net/wifi/ScanResult.java,695,5,695,25,
Landroid/net/wifi/ScanResult;->flags:J,packages/modules/Wifi/framework/java/android/net/wifi/ScanResult.java,712,5,712,25,
Landroid/net/wifi/ScanResult;->anqpLines:Ljava/util/List;,packages/modules/Wifi/framework/java/android/net/wifi/ScanResult.java,1102,5,1102,25,
Landroid/net/wifi/ScanResult;->informationElements:[Landroid/net/wifi/ScanResult$InformationElement;,packages/modules/Wifi/framework/java/android/net/wifi/ScanResult.java,1296,5,1296,25,
Landroid/net/wifi/WifiConfiguration;->wepKeyVarNames:[Ljava/lang/String;,packages/modules/Wifi/framework/java/android/net/wifi/WifiConfiguration.java,88,5,88,25,
Landroid/net/wifi/WifiConfiguration;->apBand:I,packages/modules/Wifi/framework/java/android/net/wifi/WifiConfiguration.java,1122,5,1122,25,
Landroid/net/wifi/WifiConfiguration;->apChannel:I,packages/modules/Wifi/framework/java/android/net/wifi/WifiConfiguration.java,1133,5,1133,25,
Landroid/net/wifi/WifiConfiguration;->mIpConfiguration:Landroid/net/IpConfiguration;,packages/modules/Wifi/framework/java/android/net/wifi/WifiConfiguration.java,1327,5,1327,25,
Landroid/net/wifi/WifiConfiguration;->defaultGwMacAddress:Ljava/lang/String;,packages/modules/Wifi/framework/java/android/net/wifi/WifiConfiguration.java,1340,5,1340,25,
Landroid/net/wifi/WifiConfiguration;->validatedInternetAccess:Z,packages/modules/Wifi/framework/java/android/net/wifi/WifiConfiguration.java,1347,5,1347,25,
Landroid/net/wifi/WifiConfiguration;->INVALID_RSSI:I,packages/modules/Wifi/framework/java/android/net/wifi/WifiConfiguration.java,1431,5,1431,88,maxTargetSdk=28&trackingBug=115609023L
Landroid/net/wifi/WifiConfiguration;->numNoInternetAccessReports:I,packages/modules/Wifi/framework/java/android/net/wifi/WifiConfiguration.java,1438,5,1438,88,maxTargetSdk=30&trackingBug=170729553L
Landroid/net/wifi/WifiConfiguration;->noInternetAccessExpected:Z,packages/modules/Wifi/framework/java/android/net/wifi/WifiConfiguration.java,1456,5,1456,88,maxTargetSdk=30&trackingBug=170729553L
Landroid/net/wifi/WifiConfiguration;->selfAdded:Z,packages/modules/Wifi/framework/java/android/net/wifi/WifiConfiguration.java,1510,5,1510,88,maxTargetSdk=30&trackingBug=170729553L
Landroid/net/wifi/WifiConfiguration;->isEnterprise()Z,packages/modules/Wifi/framework/java/android/net/wifi/WifiConfiguration.java,3261,5,3261,25,
Landroid/net/wifi/WifiConfiguration;->getStaticIpConfiguration()Landroid/net/StaticIpConfiguration;,packages/modules/Wifi/framework/java/android/net/wifi/WifiConfiguration.java,3763,5,3763,25,
Landroid/net/wifi/WifiConfiguration;->setStaticIpConfiguration(Landroid/net/StaticIpConfiguration;)V,packages/modules/Wifi/framework/java/android/net/wifi/WifiConfiguration.java,3769,5,3769,25,
Landroid/net/wifi/WifiConfiguration;->getIpAssignment()Landroid/net/IpConfiguration$IpAssignment;,packages/modules/Wifi/framework/java/android/net/wifi/WifiConfiguration.java,3779,5,3779,25,
Landroid/net/wifi/WifiConfiguration;->setIpAssignment(Landroid/net/IpConfiguration$IpAssignment;)V,packages/modules/Wifi/framework/java/android/net/wifi/WifiConfiguration.java,3785,5,3785,25,
Landroid/net/wifi/WifiConfiguration;->getProxySettings()Landroid/net/IpConfiguration$ProxySettings;,packages/modules/Wifi/framework/java/android/net/wifi/WifiConfiguration.java,3795,5,3795,25,
Landroid/net/wifi/WifiConfiguration;->setProxySettings(Landroid/net/IpConfiguration$ProxySettings;)V,packages/modules/Wifi/framework/java/android/net/wifi/WifiConfiguration.java,3801,5,3801,25,
Landroid/net/wifi/WifiConfiguration;->setProxy(Landroid/net/IpConfiguration$ProxySettings;Landroid/net/ProxyInfo;)V,packages/modules/Wifi/framework/java/android/net/wifi/WifiConfiguration.java,3861,5,3861,25,
Landroid/net/wifi/WifiConfiguration;->CREATOR:Landroid/os/Parcelable$Creator;,packages/modules/Wifi/framework/java/android/net/wifi/WifiConfiguration.java,4083,5,4083,25,
Landroid/net/wifi/WifiEnterpriseConfig;->mFields:Ljava/util/HashMap;,packages/modules/Wifi/framework/java/android/net/wifi/WifiEnterpriseConfig.java,250,5,250,25,
Landroid/net/wifi/WifiEnterpriseConfig;->setCaCertificateAlias(Ljava/lang/String;)V,packages/modules/Wifi/framework/java/android/net/wifi/WifiEnterpriseConfig.java,718,5,718,25,
Landroid/net/wifi/WifiEnterpriseConfig;->getCaCertificateAlias()Ljava/lang/String;,packages/modules/Wifi/framework/java/android/net/wifi/WifiEnterpriseConfig.java,769,5,769,25,
Landroid/net/wifi/WifiInfo;->mBSSID:Ljava/lang/String;,packages/modules/Wifi/framework/java/android/net/wifi/WifiInfo.java,113,5,113,88,maxTargetSdk=28&trackingBug=115609023L
Landroid/net/wifi/WifiInfo;->mWifiSsid:Landroid/net/wifi/WifiSsid;,packages/modules/Wifi/framework/java/android/net/wifi/WifiInfo.java,115,5,115,25,
Landroid/net/wifi/WifiInfo;->mIpAddress:Ljava/net/InetAddress;,packages/modules/Wifi/framework/java/android/net/wifi/WifiInfo.java,279,5,279,25,
Landroid/net/wifi/WifiInfo;->mMacAddress:Ljava/lang/String;,packages/modules/Wifi/framework/java/android/net/wifi/WifiInfo.java,281,5,281,25,
Landroid/net/wifi/WifiInfo;->score:I,packages/modules/Wifi/framework/java/android/net/wifi/WifiInfo.java,426,5,426,25,
Landroid/net/wifi/WifiInfo;-><init>()V,packages/modules/Wifi/framework/java/android/net/wifi/WifiInfo.java,491,5,491,25,
Landroid/net/wifi/WifiInfo;->getWifiSsid()Landroid/net/wifi/WifiSsid;,packages/modules/Wifi/framework/java/android/net/wifi/WifiInfo.java,770,5,770,25,
Landroid/net/wifi/WifiInfo;->setBSSID(Ljava/lang/String;)V,packages/modules/Wifi/framework/java/android/net/wifi/WifiInfo.java,776,5,776,25,
Landroid/net/wifi/WifiInfo;->setRssi(I)V,packages/modules/Wifi/framework/java/android/net/wifi/WifiInfo.java,922,5,922,25,
Landroid/net/wifi/WifiInfo;->setLinkSpeed(I)V,packages/modules/Wifi/framework/java/android/net/wifi/WifiInfo.java,958,5,958,25,
Landroid/net/wifi/WifiInfo;->is5GHz()Z,packages/modules/Wifi/framework/java/android/net/wifi/WifiInfo.java,1057,5,1057,25,
Landroid/net/wifi/WifiInfo;->setMacAddress(Ljava/lang/String;)V,packages/modules/Wifi/framework/java/android/net/wifi/WifiInfo.java,1074,5,1074,25,
Landroid/net/wifi/WifiInfo;->getMeteredHint()Z,packages/modules/Wifi/framework/java/android/net/wifi/WifiInfo.java,1112,5,1112,25,
Landroid/net/wifi/WifiInfo;->setNetworkId(I)V,packages/modules/Wifi/framework/java/android/net/wifi/WifiInfo.java,1316,5,1316,25,
Landroid/net/wifi/WifiInfo;->setSupplicantState(Landroid/net/wifi/SupplicantState;)V,packages/modules/Wifi/framework/java/android/net/wifi/WifiInfo.java,1345,5,1345,25,
Landroid/net/wifi/WifiInfo;->setSupplicantState(Ljava/lang/String;)V,packages/modules/Wifi/framework/java/android/net/wifi/WifiInfo.java,1401,5,1401,25,
Landroid/net/wifi/WifiInfo;->removeDoubleQuotes(Ljava/lang/String;)Ljava/lang/String;,packages/modules/Wifi/framework/java/android/net/wifi/WifiInfo.java,1430,5,1430,25,
Landroid/net/wifi/WifiInfo;->CREATOR:Landroid/os/Parcelable$Creator;,packages/modules/Wifi/framework/java/android/net/wifi/WifiInfo.java,1571,5,1571,25,
Landroid/net/wifi/WifiManager;->LINK_CONFIGURATION_CHANGED_ACTION:Ljava/lang/String;,packages/modules/Wifi/framework/java/android/net/wifi/WifiManager.java,1287,5,1287,88,maxTargetSdk=30&trackingBug=170729553L
Landroid/net/wifi/WifiManager;->MIN_RSSI:I,packages/modules/Wifi/framework/java/android/net/wifi/WifiManager.java,1483,5,1483,25,
Landroid/net/wifi/WifiManager;->MAX_RSSI:I,packages/modules/Wifi/framework/java/android/net/wifi/WifiManager.java,1487,5,1487,25,
Landroid/net/wifi/WifiManager;->RSSI_LEVELS:I,packages/modules/Wifi/framework/java/android/net/wifi/WifiManager.java,1497,5,1497,88,maxTargetSdk=30&trackingBug=170729553L
Landroid/net/wifi/WifiManager;->WIFI_FREQUENCY_BAND_AUTO:I,packages/modules/Wifi/framework/java/android/net/wifi/WifiManager.java,1506,5,1506,25,
Landroid/net/wifi/WifiManager;->WIFI_FREQUENCY_BAND_5GHZ:I,packages/modules/Wifi/framework/java/android/net/wifi/WifiManager.java,1513,5,1513,25,
Landroid/net/wifi/WifiManager;->WIFI_FREQUENCY_BAND_2GHZ:I,packages/modules/Wifi/framework/java/android/net/wifi/WifiManager.java,1520,5,1520,25,
Landroid/net/wifi/WifiManager;->mActiveLockCount:I,packages/modules/Wifi/framework/java/android/net/wifi/WifiManager.java,1576,5,1576,25,
Landroid/net/wifi/WifiManager;->mService:Landroid/net/wifi/IWifiManager;,packages/modules/Wifi/framework/java/android/net/wifi/WifiManager.java,1580,5,1580,25,
Landroid/net/wifi/WifiManager;->cancelLocalOnlyHotspotRequest()V,packages/modules/Wifi/framework/java/android/net/wifi/WifiManager.java,4964,5,4964,25,
Landroid/net/wifi/WifiManager;->initializeMulticastFiltering()Z,packages/modules/Wifi/framework/java/android/net/wifi/WifiManager.java,7006,5,7006,25,
Landroid/net/wifi/WifiManager;->enableVerboseLogging(I)V,packages/modules/Wifi/framework/java/android/net/wifi/WifiManager.java,7046,5,7049,6,maxTargetSdk=29&publicAlternatives=%22Use+%7B%40code+%23setVerboseLoggingEnabled%28boolean%29%7D+instead.%22
Landroid/net/wifi/WifiSsid;->octets:Ljava/io/ByteArrayOutputStream;,packages/modules/Wifi/framework/java/android/net/wifi/WifiSsid.java,206,5,206,69,publicAlternatives=%22%7B%40link+%23getBytes%28%29%7D%22
Landroid/net/wifi/WifiSsid;->NONE:Ljava/lang/String;,packages/modules/Wifi/framework/java/android/net/wifi/WifiSsid.java,214,5,214,99,publicAlternatives=%22%7B%40link+android.net.wifi.WifiManager%23UNKNOWN_SSID%7D%22
Landroid/net/wifi/WifiSsid;->createFromAsciiEncoded(Ljava/lang/String;)Landroid/net/wifi/WifiSsid;,packages/modules/Wifi/framework/java/android/net/wifi/WifiSsid.java,222,5,222,76,publicAlternatives=%22%7B%40link+%23fromBytes%28byte%5B%5D%29%7D%22
Landroid/net/wifi/WifiSsid;->getOctets()[B,packages/modules/Wifi/framework/java/android/net/wifi/WifiSsid.java,232,5,232,69,publicAlternatives=%22%7B%40link+%23getBytes%28%29%7D%22
Landroid/net/wifi/p2p/WifiP2pConfig;->netId:I,packages/modules/Wifi/framework/java/android/net/wifi/p2p/WifiP2pConfig.java,142,5,142,88,maxTargetSdk=30&trackingBug=170729553L
Landroid/net/wifi/p2p/WifiP2pConfig;-><init>(Ljava/lang/String;)V,packages/modules/Wifi/framework/java/android/net/wifi/p2p/WifiP2pConfig.java,166,5,166,25,
Landroid/net/wifi/p2p/WifiP2pDevice;->wpsConfigMethodsSupported:I,packages/modules/Wifi/framework/java/android/net/wifi/p2p/WifiP2pDevice.java,108,5,108,25,
Landroid/net/wifi/p2p/WifiP2pDevice;->deviceCapability:I,packages/modules/Wifi/framework/java/android/net/wifi/p2p/WifiP2pDevice.java,115,5,115,25,
Landroid/net/wifi/p2p/WifiP2pDevice;->groupCapability:I,packages/modules/Wifi/framework/java/android/net/wifi/p2p/WifiP2pDevice.java,122,5,122,25,
Landroid/net/wifi/p2p/WifiP2pDevice;->wfdInfo:Landroid/net/wifi/p2p/WifiP2pWfdInfo;,packages/modules/Wifi/framework/java/android/net/wifi/p2p/WifiP2pDevice.java,135,5,135,25,
Landroid/net/wifi/p2p/WifiP2pDevice;-><init>(Ljava/lang/String;)V,packages/modules/Wifi/framework/java/android/net/wifi/p2p/WifiP2pDevice.java,199,5,199,88,maxTargetSdk=30&trackingBug=170729553L
Landroid/net/wifi/p2p/WifiP2pDeviceList;->update(Landroid/net/wifi/p2p/WifiP2pDevice;)V,packages/modules/Wifi/framework/java/android/net/wifi/p2p/WifiP2pDeviceList.java,87,5,87,88,maxTargetSdk=30&trackingBug=170729553L
Landroid/net/wifi/p2p/WifiP2pDeviceList;->remove(Ljava/lang/String;)Landroid/net/wifi/p2p/WifiP2pDevice;,packages/modules/Wifi/framework/java/android/net/wifi/p2p/WifiP2pDeviceList.java,151,5,151,25,
Landroid/net/wifi/p2p/WifiP2pGroup;->TEMPORARY_NET_ID:I,packages/modules/Wifi/framework/java/android/net/wifi/p2p/WifiP2pGroup.java,51,5,51,25,
Landroid/net/wifi/p2p/WifiP2pGroup;-><init>(Ljava/lang/String;)V,packages/modules/Wifi/framework/java/android/net/wifi/p2p/WifiP2pGroup.java,115,5,115,25,
Landroid/net/wifi/p2p/WifiP2pGroup;->setIsGroupOwner(Z)V,packages/modules/Wifi/framework/java/android/net/wifi/p2p/WifiP2pGroup.java,191,5,191,25,
Landroid/net/wifi/p2p/WifiP2pGroup;->isClientListEmpty()Z,packages/modules/Wifi/framework/java/android/net/wifi/p2p/WifiP2pGroup.java,235,5,235,25,
Landroid/net/wifi/p2p/WifiP2pGroup;->setInterface(Ljava/lang/String;)V,packages/modules/Wifi/framework/java/android/net/wifi/p2p/WifiP2pGroup.java,269,5,269,25,
Landroid/net/wifi/p2p/WifiP2pGroup;->setNetworkId(I)V,packages/modules/Wifi/framework/java/android/net/wifi/p2p/WifiP2pGroup.java,285,5,285,25,
Landroid/net/wifi/p2p/WifiP2pGroupList;->mGroups:Landroid/util/LruCache;,packages/modules/Wifi/framework/java/android/net/wifi/p2p/WifiP2pGroupList.java,42,5,42,25,
Landroid/net/wifi/p2p/WifiP2pGroupList;-><init>(Landroid/net/wifi/p2p/WifiP2pGroupList;Landroid/net/wifi/p2p/WifiP2pGroupList$GroupDeleteListener;)V,packages/modules/Wifi/framework/java/android/net/wifi/p2p/WifiP2pGroupList.java,59,5,59,25,
Landroid/net/wifi/p2p/WifiP2pManager$Channel;->mAsyncChannel:Lcom/android/internal/util/AsyncChannel;,packages/modules/Wifi/framework/java/android/net/wifi/p2p/WifiP2pManager.java,1225,9,1225,29,
Landroid/net/wifi/p2p/WifiP2pManager$Channel;->putListener(Ljava/lang/Object;)I,packages/modules/Wifi/framework/java/android/net/wifi/p2p/WifiP2pManager.java,1469,9,1469,92,maxTargetSdk=30&trackingBug=170729553L
Landroid/net/wifi/p2p/WifiP2pManager;->CREATE_GROUP:I,packages/modules/Wifi/framework/java/android/net/wifi/p2p/WifiP2pManager.java,544,5,544,88,maxTargetSdk=30&trackingBug=170729553L
Landroid/net/wifi/p2p/WifiP2pManager;-><init>(Landroid/net/wifi/p2p/IWifiP2pManager;)V,packages/modules/Wifi/framework/java/android/net/wifi/p2p/WifiP2pManager.java,785,5,785,88,maxTargetSdk=28&trackingBug=115609023L
Landroid/net/wifi/p2p/WifiP2pManager;->startWps(Landroid/net/wifi/p2p/WifiP2pManager$Channel;Landroid/net/wifi/WpsInfo;Landroid/net/wifi/p2p/WifiP2pManager$ActionListener;)V,packages/modules/Wifi/framework/java/android/net/wifi/p2p/WifiP2pManager.java,2000,5,2000,50,trackingBug=185141982L
Landroid/net/wifi/p2p/WifiP2pManager;->setWFDInfo(Landroid/net/wifi/p2p/WifiP2pManager$Channel;Landroid/net/wifi/p2p/WifiP2pWfdInfo;Landroid/net/wifi/p2p/WifiP2pManager$ActionListener;)V,packages/modules/Wifi/framework/java/android/net/wifi/p2p/WifiP2pManager.java,2340,5,2340,88,maxTargetSdk=30&trackingBug=170729553L
Landroid/net/wifi/p2p/WifiP2pProvDiscEvent;->event:I,packages/modules/Wifi/framework/java/android/net/wifi/p2p/WifiP2pProvDiscEvent.java,37,5,37,25,
Landroid/net/wifi/p2p/WifiP2pProvDiscEvent;->device:Landroid/net/wifi/p2p/WifiP2pDevice;,packages/modules/Wifi/framework/java/android/net/wifi/p2p/WifiP2pProvDiscEvent.java,40,5,40,25,
Landroid/net/wifi/p2p/WifiP2pProvDiscEvent;->pin:Ljava/lang/String;,packages/modules/Wifi/framework/java/android/net/wifi/p2p/WifiP2pProvDiscEvent.java,44,5,44,25,
Landroid/net/wifi/p2p/WifiP2pProvDiscEvent;-><init>()V,packages/modules/Wifi/framework/java/android/net/wifi/p2p/WifiP2pProvDiscEvent.java,47,5,47,25,
Landroid/net/wifi/p2p/WifiP2pWfdInfo;-><init>(III)V,packages/modules/Wifi/framework/java/android/net/wifi/p2p/WifiP2pWfdInfo.java,205,5,205,25,
Landroid/net/wifi/p2p/nsd/WifiP2pDnsSdServiceInfo;->createRequest(Ljava/lang/String;II)Ljava/lang/String;,packages/modules/Wifi/framework/java/android/net/wifi/p2p/nsd/WifiP2pDnsSdServiceInfo.java,179,5,179,88,maxTargetSdk=28&trackingBug=115609023L
Landroid/net/wifi/p2p/nsd/WifiP2pServiceInfo;->mQueryList:Ljava/util/List;,packages/modules/Wifi/framework/java/android/net/wifi/p2p/nsd/WifiP2pServiceInfo.java,88,5,88,88,maxTargetSdk=28&trackingBug=115609023L
Landroid/net/wifi/p2p/nsd/WifiP2pServiceInfo;-><init>(Ljava/util/List;)V,packages/modules/Wifi/framework/java/android/net/wifi/p2p/nsd/WifiP2pServiceInfo.java,97,5,97,88,maxTargetSdk=28&trackingBug=115609023L
Landroid/net/wifi/p2p/nsd/WifiP2pServiceInfo;->CREATOR:Landroid/os/Parcelable$Creator;,packages/modules/Wifi/framework/java/android/net/wifi/p2p/nsd/WifiP2pServiceInfo.java,173,5,173,88,maxTargetSdk=30&trackingBug=170729553L
Landroid/net/wifi/p2p/nsd/WifiP2pServiceRequest;-><init>(ILjava/lang/String;)V,packages/modules/Wifi/framework/java/android/net/wifi/p2p/nsd/WifiP2pServiceRequest.java,77,5,77,88,maxTargetSdk=28&trackingBug=115609023L
Landroid/net/wifi/p2p/nsd/WifiP2pServiceRequest;->CREATOR:Landroid/os/Parcelable$Creator;,packages/modules/Wifi/framework/java/android/net/wifi/p2p/nsd/WifiP2pServiceRequest.java,268,5,268,88,maxTargetSdk=30&trackingBug=170729553L
Lcom/android/internal/util/AsyncChannel;->CMD_CHANNEL_HALF_CONNECTED:I,frameworks/base/core/java/com/android/internal/util/AsyncChannel.java,110,5,110,25,
Lcom/android/internal/util/AsyncChannel;->CMD_CHANNEL_FULL_CONNECTION:I,frameworks/base/core/java/com/android/internal/util/AsyncChannel.java,120,5,120,25,
Lcom/android/internal/util/AsyncChannel;->cmdToString(I)Ljava/lang/String;,frameworks/base/core/java/com/android/internal/util/AsyncChannel.java,166,5,166,88,maxTargetSdk=28&trackingBug=115609023L
Lcom/android/internal/util/AsyncChannel;->STATUS_SUCCESSFUL:I,frameworks/base/core/java/com/android/internal/util/AsyncChannel.java,177,5,177,25,
Lcom/android/internal/util/AsyncChannel;-><init>()V,frameworks/base/core/java/com/android/internal/util/AsyncChannel.java,213,5,213,25,
Lcom/android/internal/util/AsyncChannel;->connectSync(Landroid/content/Context;Landroid/os/Handler;Landroid/os/Messenger;)I,frameworks/base/core/java/com/android/internal/util/AsyncChannel.java,265,5,265,25,
Lcom/android/internal/util/AsyncChannel;->connect(Landroid/content/Context;Landroid/os/Handler;Landroid/os/Messenger;)V,frameworks/base/core/java/com/android/internal/util/AsyncChannel.java,381,5,381,25,
Lcom/android/internal/util/AsyncChannel;->connected(Landroid/content/Context;Landroid/os/Handler;Landroid/os/Messenger;)V,frameworks/base/core/java/com/android/internal/util/AsyncChannel.java,404,5,404,88,maxTargetSdk=30&trackingBug=170729553L
Lcom/android/internal/util/AsyncChannel;->disconnect()V,frameworks/base/core/java/com/android/internal/util/AsyncChannel.java,459,5,459,25,
Lcom/android/internal/util/AsyncChannel;->sendMessage(Landroid/os/Message;)V,frameworks/base/core/java/com/android/internal/util/AsyncChannel.java,489,5,489,25,
Lcom/android/internal/util/AsyncChannel;->sendMessage(I)V,frameworks/base/core/java/com/android/internal/util/AsyncChannel.java,504,5,504,25,
Lcom/android/internal/util/AsyncChannel;->sendMessage(II)V,frameworks/base/core/java/com/android/internal/util/AsyncChannel.java,517,5,517,88,maxTargetSdk=30&trackingBug=170729553L
Lcom/android/internal/util/AsyncChannel;->sendMessage(III)V,frameworks/base/core/java/com/android/internal/util/AsyncChannel.java,532,5,532,25,
Lcom/android/internal/util/AsyncChannel;->sendMessage(IIILjava/lang/Object;)V,frameworks/base/core/java/com/android/internal/util/AsyncChannel.java,549,5,549,25,
Lcom/android/internal/util/AsyncChannel;->replyToMessage(Landroid/os/Message;Landroid/os/Message;)V,frameworks/base/core/java/com/android/internal/util/AsyncChannel.java,578,5,578,25,
Lcom/android/internal/util/AsyncChannel;->replyToMessage(Landroid/os/Message;I)V,frameworks/base/core/java/com/android/internal/util/AsyncChannel.java,595,5,595,88,maxTargetSdk=28&trackingBug=115609023L
Lcom/android/internal/util/AsyncChannel;->replyToMessage(Landroid/os/Message;II)V,frameworks/base/core/java/com/android/internal/util/AsyncChannel.java,609,5,609,88,maxTargetSdk=30&trackingBug=170729553L
Lcom/android/internal/util/AsyncChannel;->replyToMessage(Landroid/os/Message;IIILjava/lang/Object;)V,frameworks/base/core/java/com/android/internal/util/AsyncChannel.java,642,5,642,88,maxTargetSdk=30&trackingBug=170729553L
Lcom/android/internal/util/AsyncChannel;->replyToMessage(Landroid/os/Message;ILjava/lang/Object;)V,frameworks/base/core/java/com/android/internal/util/AsyncChannel.java,659,5,659,88,maxTargetSdk=30&trackingBug=170729553L
Lcom/android/internal/util/AsyncChannel;->sendMessageSynchronously(Landroid/os/Message;)Landroid/os/Message;,frameworks/base/core/java/com/android/internal/util/AsyncChannel.java,673,5,673,88,maxTargetSdk=30&trackingBug=170729553L
Lcom/android/internal/util/AsyncChannel;->sendMessageSynchronously(III)Landroid/os/Message;,frameworks/base/core/java/com/android/internal/util/AsyncChannel.java,715,5,715,88,maxTargetSdk=30&trackingBug=170729553L
Lcom/android/internal/util/IState;->getName()Ljava/lang/String;,frameworks/libs/modules-utils/java/com/android/internal/util/IState.java,71,5,71,25,
Lcom/android/internal/util/Preconditions;->checkArgument(Z)V,frameworks/libs/modules-utils/java/com/android/internal/util/Preconditions.java,41,5,41,25,
Lcom/android/internal/util/Preconditions;->checkArgument(ZLjava/lang/Object;)V,frameworks/libs/modules-utils/java/com/android/internal/util/Preconditions.java,56,5,56,88,maxTargetSdk=30&trackingBug=170729553L
Lcom/android/internal/util/Preconditions;->checkNotNull(Ljava/lang/Object;)Ljava/lang/Object;,frameworks/libs/modules-utils/java/com/android/internal/util/Preconditions.java,144,5,144,25,
Lcom/android/internal/util/Preconditions;->checkNotNull(Ljava/lang/Object;Ljava/lang/Object;)Ljava/lang/Object;,frameworks/libs/modules-utils/java/com/android/internal/util/Preconditions.java,164,5,164,25,
Lcom/android/internal/util/Preconditions;->checkState(Z)V,frameworks/libs/modules-utils/java/com/android/internal/util/Preconditions.java,198,5,198,25,
Lcom/android/internal/util/Preconditions;->checkState(ZLjava/lang/String;)V,frameworks/libs/modules-utils/java/com/android/internal/util/Preconditions.java,212,5,212,88,maxTargetSdk=30&trackingBug=170729553L
Lcom/android/internal/util/Preconditions;->checkArgumentInRange(IIILjava/lang/String;)I,frameworks/libs/modules-utils/java/com/android/internal/util/Preconditions.java,522,5,522,88,maxTargetSdk=30&trackingBug=170729553L
Lcom/android/internal/util/State;-><init>()V,frameworks/libs/modules-utils/java/com/android/internal/util/State.java,35,5,35,25,
Lcom/android/internal/util/State;->enter()V,frameworks/libs/modules-utils/java/com/android/internal/util/State.java,42,5,42,25,
Lcom/android/internal/util/State;->exit()V,frameworks/libs/modules-utils/java/com/android/internal/util/State.java,50,5,50,88,maxTargetSdk=30&trackingBug=170729553L
Lcom/android/internal/util/State;->processMessage(Landroid/os/Message;)Z,frameworks/libs/modules-utils/java/com/android/internal/util/State.java,58,5,58,25,
Lcom/android/internal/util/State;->getName()Ljava/lang/String;,frameworks/libs/modules-utils/java/com/android/internal/util/State.java,76,5,76,25,
Lcom/android/internal/util/StateMachine;-><init>(Ljava/lang/String;)V,frameworks/libs/modules-utils/java/com/android/internal/util/StateMachine.java,1304,5,1304,25,
Lcom/android/internal/util/StateMachine;-><init>(Ljava/lang/String;Landroid/os/Looper;)V,frameworks/libs/modules-utils/java/com/android/internal/util/StateMachine.java,1318,5,1318,25,
Lcom/android/internal/util/StateMachine;-><init>(Ljava/lang/String;Landroid/os/Handler;)V,frameworks/libs/modules-utils/java/com/android/internal/util/StateMachine.java,1328,5,1328,88,maxTargetSdk=30&trackingBug=170729553L
Lcom/android/internal/util/StateMachine;->addState(Lcom/android/internal/util/State;)V,frameworks/libs/modules-utils/java/com/android/internal/util/StateMachine.java,1361,5,1361,88,maxTargetSdk=30&trackingBug=170729553L
Lcom/android/internal/util/StateMachine;->setInitialState(Lcom/android/internal/util/State;)V,frameworks/libs/modules-utils/java/com/android/internal/util/StateMachine.java,1380,5,1380,88,maxTargetSdk=30&trackingBug=170729553L
Lcom/android/internal/util/StateMachine;->transitionTo(Lcom/android/internal/util/IState;)V,frameworks/libs/modules-utils/java/com/android/internal/util/StateMachine.java,1419,5,1419,88,maxTargetSdk=30&trackingBug=170729553L
Lcom/android/internal/util/StateMachine;->obtainMessage(III)Landroid/os/Message;,frameworks/libs/modules-utils/java/com/android/internal/util/StateMachine.java,1684,5,1684,25,
Lcom/android/internal/util/StateMachine;->obtainMessage(IIILjava/lang/Object;)Landroid/os/Message;,frameworks/libs/modules-utils/java/com/android/internal/util/StateMachine.java,1704,5,1704,88,maxTargetSdk=30&trackingBug=170729553L
Lcom/android/internal/util/StateMachine;->sendMessage(I)V,frameworks/libs/modules-utils/java/com/android/internal/util/StateMachine.java,1714,5,1714,25,
Lcom/android/internal/util/StateMachine;->sendMessage(ILjava/lang/Object;)V,frameworks/libs/modules-utils/java/com/android/internal/util/StateMachine.java,1728,5,1728,25,
Lcom/android/internal/util/StateMachine;->sendMessage(II)V,frameworks/libs/modules-utils/java/com/android/internal/util/StateMachine.java,1742,5,1742,88,maxTargetSdk=30&trackingBug=170729553L
Lcom/android/internal/util/StateMachine;->sendMessage(IIILjava/lang/Object;)V,frameworks/libs/modules-utils/java/com/android/internal/util/StateMachine.java,1769,5,1769,88,maxTargetSdk=30&trackingBug=170729553L
Lcom/android/internal/util/StateMachine;->sendMessage(Landroid/os/Message;)V,frameworks/libs/modules-utils/java/com/android/internal/util/StateMachine.java,1783,5,1783,25,
Lcom/android/internal/util/StateMachine;->start()V,frameworks/libs/modules-utils/java/com/android/internal/util/StateMachine.java,2070,5,2070,88,maxTargetSdk=30&trackingBug=170729553L
Lcom/android/internal/util/StateMachine;->dump(Ljava/io/FileDescriptor;Ljava/io/PrintWriter;[Ljava/lang/String;)V,frameworks/libs/modules-utils/java/com/android/internal/util/StateMachine.java,2087,5,2087,88,maxTargetSdk=30&trackingBug=170729553L
