signature,maxTargetSdk,trackingBug
|Landroid/icu/impl/CurrencyData;-><init>()V|,|30|,|170729553|
|Landroid/icu/impl/ICUResourceBundle;->getULocale()Landroid/icu/util/ULocale;|,||,||
|Landroid/icu/impl/ICUResourceBundle;->getWithFallback(Ljava/lang/String;)Landroid/icu/impl/ICUResourceBundle;|,||,||
|Landroid/icu/impl/IllegalIcuArgumentException;-><init>(Ljava/lang/String;)V|,|30|,|170729553|
|Landroid/icu/text/ArabicShaping;-><init>(I)V|,||,||
|Landroid/icu/text/ArabicShaping;->isAlefMaksouraChar(C)Z|,||,||
|Landroid/icu/text/ArabicShaping;->isSeenTailFamilyChar(C)I|,||,||
|Landroid/icu/text/ArabicShaping;->isTailChar(C)Z|,||,||
|Landroid/icu/text/ArabicShaping;->isYehHamzaChar(C)Z|,||,||
|Landroid/icu/text/ArabicShaping;->shape(Ljava/lang/String;)Ljava/lang/String;|,||,||
|Landroid/icu/text/DateFormatSymbols;->getLocale(Landroid/icu/util/ULocale$Type;)Landroid/icu/util/ULocale;|,|30|,|170729553|
|Landroid/icu/text/DateIntervalFormat;-><init>()V|,|30|,|170729553|
|Landroid/icu/text/DateTimePatternGenerator$DistanceInfo;-><init>()V|,|30|,|170729553|
|Landroid/icu/text/DecimalFormatSymbols;->getLocale(Landroid/icu/util/ULocale$Type;)Landroid/icu/util/ULocale;|,|30|,|170729553|
|Landroid/icu/text/RuleBasedCollator;->getLocale(Landroid/icu/util/ULocale$Type;)Landroid/icu/util/ULocale;|,|30|,|170729553|
|Landroid/icu/text/SpoofChecker$ScriptSet;-><init>()V|,|30|,|170729553|
|Landroid/icu/text/SpoofChecker$ScriptSet;->and(I)V|,|30|,|170729553|
|Landroid/icu/text/SpoofChecker$ScriptSet;->isFull()Z|,|30|,|170729553|
|Landroid/icu/text/SpoofChecker$ScriptSet;->setAll()V|,|30|,|170729553|
|Landroid/icu/text/TimeZoneNames$DefaultTimeZoneNames$FactoryImpl;-><init>()V|,|30|,|170729553|
|Landroid/icu/text/UFormat;->getLocale(Landroid/icu/util/ULocale$Type;)Landroid/icu/util/ULocale;|,|30|,|170729553|
|Landroid/icu/util/Calendar;->getLocale(Landroid/icu/util/ULocale$Type;)Landroid/icu/util/ULocale;|,||,||
|Landroid/icu/util/PersianCalendar;-><init>(Ljava/util/Locale;)V|,||,||
|Landroid/icu/util/UResourceBundle;->getBundleInstance(Ljava/lang/String;Landroid/icu/util/ULocale;)Landroid/icu/util/UResourceBundle;|,||,||
|Landroid/icu/util/UResourceBundle;->getKey()Ljava/lang/String;|,||,||
|Landroid/icu/util/UResourceBundle;->getString()Ljava/lang/String;|,||,||
|Landroid/icu/util/UResourceBundle;->getType()I|,||,||
|Landroid/icu/util/UResourceBundleIterator;->hasNext()Z|,||,||
|Landroid/icu/util/UResourceBundleIterator;->next()Landroid/icu/util/UResourceBundle;|,||,||
